<!DOCTYPE suite SYSTEM "https://testng.org/testng-1.0.dtd" >
<suite name="Regession-Suite" >
    <listeners>
        <listener class-name="util.CustomisedListener" />
    </listeners>
   <test name="PIDSRegression" >
   
   <parameter name="URL" value="http://192.168.4.94:8090/ntmc_admin_portal/login/" />
   <parameter name="Login_User" value="central_admin_auto" />
   <parameter name="Login_Password" value="123456" />   
   <parameter name="Login_Breadcrumb" value="Dashboard" /> 
   <parameter name="Login_Welcome_Message" value="Welcome: Automation Admin" /> 
   
   
   <parameter name="Menu_User_Management" value="User Management" /> 
   <parameter name="Menu_Create_User" value="Create User" /> 
   <parameter name="Menu_Search" value="Search" /> 
   <parameter name="Menu_AFIS_Adjudication" value="AFIS Adjudication" /> 
   <parameter name="Menu_User_Assignment" value="User Assignment" />
   <parameter name="Menu_Setup" value="Setup" />
   <parameter name="Menu_Role_Management" value="Role Management" />   
   
   <parameter name="Login_Page_Tile" value="Login :: Prison Inmate Admin Portal" />    
   <parameter name="Adjudication_Page_Title" value="Adjudication :: Prison Inmate Admin Portal" />
   <parameter name="Search_Page_Title" value="Search :: Prison Inmate Admin Portal" />  
   <parameter name="User_Management_Page_Title" value="User Management :: Prison Inmate Admin Portal" />  
   <parameter name="Role_Management_Page_Tile" value="User Management :: Prison Inmate Admin Portal" /> 
   <parameter name="Setup_Page_Title" value="Setup :: Prison Inmate Admin Portal" />
   
            
   <parameter name="Status_Pending" value="Pending" />
   <parameter name="Status_Complete" value="Complete" />
   <parameter name="Status_Active" value="Active" /> 
   <parameter name="Status_Inactive" value="Inactive" /> 
   
   <parameter name="Prisoner_No_AfisClear" value="8/11/21/001" />
   <parameter name="Prisoner_No_AfisMacthFound" value="2211/2" />
   
   <parameter name="Prisoner_No_AdvanceSearch" value="1601/22" />
   <parameter name="FatherName" value="test. name (test)" />
   <parameter name="MotherName" value="(English)" />
   <parameter name="MobileNo" value="01758135197" />
   <parameter name="NID" value="2858546860" />
   <parameter name="Gender" value="Male" />
   
   <parameter name="Jail" value="Bogra - District Jail" />
   <parameter name="CaseNo" value="06072022-003" />
   <parameter name="PrisonerName" value="Mosan" />
   <parameter name="PrisonerID" value="6072022-002" />
   <parameter name="PrisonerCategory" value="Under trial" />
   
 
   <parameter name="Create_User_UserName" value="Test1012" />  
   <parameter name="Create_User_Password" value="985620" />  
   <parameter name="Create_User_Name" value="Sanaul Islam" /> 
   <parameter name="Create_User_Mobile" value="01711084451" /> 
   <parameter name="Create_User_Role" value="Jail Admin" /> 

   <parameter name="Update_User_Name" value="Sanaul" /> 
   <parameter name="Update_User_Role" value="Jail Operator" /> 
   <parameter name="Update_User_Mobile" value="01711084451" />


   <parameter name="Create_Role_Code" value="Test_Admin1011" /> 
   <parameter name="Create_Role_DisplayName" value="Test Admin 1011" />
   <parameter name="Update_Role_DisplayName" value="Test Admin 1012" />

   
   <parameter name="Create_Prison_Name" value="Test_Prison_10102" />
   <parameter name="Create_Prison_Code" value="1000999" />
   <parameter name="Create_Prison_Location" value="Rajshahi" />
   <parameter name="Create_Prison_eMail" value="test@tigerit123.com" />
   
   <parameter name="Update_Prison_Name" value="Test_Prison_10103" />
   <parameter name="Update_Prison_Location" value="Rajshahi3" />
   <parameter name="Update_Prison_eMail" value="test@tigerit1234.com" />
   
   <parameter name="Lookup_Type" value="TEST_LOOKUP" />
   <parameter name="Create_Lookup_Code" value="90001" />
   <parameter name="Create_Lookup_Value" value="Test90001" />
   <parameter name="Update_Lookup_Value" value="Test90002" />
   
   
       <classes> 
          <class name="regression.PidsRegressionSuite" />
       </classes>
   </test>
 </suite>