   <Cards>
      <Card Number="39862" Name="SP0001832L00006">
      <Status></Status>
      <ChipSequenceNo>ChipSequenceNo</ChipSequenceNo>
      <ChipSerialNo>ChipSerialNo</ChipSerialNo>
      <RejectionUnit></RejectionUnit>
      <ErrorCode></ErrorCode>
      <ErrorMessage></ErrorMessage>
      <FinishedAtTime></FinishedAtTime>
      <LicenseId></LicenseId>
      <ReferenceNumber>ReferenceNo</ReferenceNumber>
      <Name>NameEn</Name>
      <DateOfBirth>BirthDateEn</DateOfBirth>
      <Authority></Authority>
      <ApplicationType></ApplicationType>
    </Card>
   </Cards> 
